,danceability,energy,tempo,valence,loudness
danceability,1.0,0.1432477894104682,-0.07833648062181793,0.5323323546746517,0.18192986327037822
energy,0.1432477894104682,1.0,0.21121509230410784,0.2871724565312195,0.7546277324664358
tempo,-0.07833648062181793,0.21121509230410784,1.0,0.08146175757078222,0.14020491104789257
valence,0.5323323546746517,0.2871724565312195,0.08146175757078222,1.0,0.16939323453096825
loudness,0.18192986327037822,0.7546277324664358,0.14020491104789257,0.16939323453096825,1.0
