decade,popularity
1990,0.5179623645694735
1960,0.5171195321067381
1970,0.5168645439827307
1900,0.5155586987270155
1910,0.5150235504304044
1980,0.5122648607975921
