Model,R2
Linear Regression,0.2476135510095605
Random Forest,0.39943407766648786
